sentence_id,doc_id,actor,actor_type,context,date,post_chatgpt,sentence_text
09ff3b36-d78b-41ac-acf7-db79e4e833cc,da9ca697-3d02-4325-afb4-9f842f2173fd,Mark Zuckerberg,individual,public,2026-04-29,1,You have other models too.
de22377d-3b0d-4df5-9e6a-6f2ed3b300a9,63f079a1-5199-47ee-a19e-9ecddac08130,Jensen Huang,individual,public,2025-03-18,1,"It's not quite as simple as four-bit floating point, but using four-bit floating point, we can quantize the model, use less energy to do the same."
5e5f16b0-d105-46d5-b2c6-138c37695d20,9bc52824-2228-47e8-a319-eeabdc5a8bbf,UK DSIT,policymaker,policy,2025-11-12,1,(note) Children will be better protected from becoming victims of horrific indecent deepfakes as the government introduces new laws to ensure Artificial Intelligence ( AI ) cannot be exploited to generate child sexual abuse material.
94469bb5-86af-405e-8026-c2ee1d550c24,b02ba475-a4fe-4b9b-a36d-8d03062993ec,Sam Altman,individual,commercial,2014-01-16,0,Often as soon as they get their first user.
4ec317d9-28b1-4d53-96b8-2061a04166f3,d0533867-a71a-4cbb-8a1c-67b97bad082c,Anthropic,company,public,unknown,0,"Extending tools with code : Claude Code can write scripts, plugins, and generative systems for the software you already use."
f0013ae6-d851-46a2-a763-f44257627b2e,1d80edef-e10b-4792-9dcf-51bf280e913d,Microsoft,company,public,2026-01-21,1,"In May 2025, Microsoft reached an expanded ten-year agreement with Stockholm Exergi to remove over 5 million metric tonnes of carbon dioxide."
c0aee212-0004-4e7a-9b21-a0b8b1f324fe,1493c77f-821a-43f9-b874-c5ec981a0548,White House OSTP,policymaker,policy,2024-09-13,1,"During National Historically Black Colleges and Universities Week, we celebrate the incredible legacy of these institutions, we honor the quality education, economic mobility, and opportunity they bring to so many students —- particularly students from low-income backgrounds and those who are the first in their families to go to college — and we recommit to supporting and investing in their success."
11e0b41e-b710-45ca-8306-244715cf34ed,ec49afca-2060-4ceb-b42f-a200b7f581e8,US Congress,policymaker,policy,2023-05-16,1,Dr. TURNER LEE.
8d77707e-9f7d-4181-9b28-a643544df186,59f23298-077e-46f4-87f4-364d0cfcda05,OpenAI,company,commercial,2025-04-06,1,Here's the list:\n1.
38a88c74-3d7a-4754-9e61-9a1826da8c20,562ad4b7-4642-4433-b811-a3a147023564,OpenAI,company,policy,2026-03-01,1,"""]}]]}]]}]]}]}],[""$"",""div"",""5"",{""className"":""col-span-12 group [&:not(:first-child)]:mt-xl [&:not(:last-child)]:mb-xl"",""children"":[""$"",""$24"",null,{""fallback"":null,""children"":[[""$"",""$L25"",null,{""moduleIds"":""$undefined""}],[""$"",""div"",null,{""className"":""@container multi-columns:flex multi-columns:px-0 grid w-full grid-cols-12 max-w-container"",""children"":[""$"",""div"",null,{""className"":""multi-columns:w-full col-span-12"",""children"":[""$"",""div"",null,{""className"":""gap-3xs grid h-full w-full grid-cols-1 @md:grid-cols-1"",""children"":[[""$"",""$L1f"",""ufvsLgFiNCTbRvhsaJHN9"",{""altText"":""The OpenAI Podcast Episode 10"",""videoEmbedUrl"":""https://youtu.be/0sNOaD9xT_4"",""videoShowMuteButton"":true,""showEmbeddedVideoControls"":false,""captionAlignment"":""content-grid"",""truncateCaption"":true,""centerCaption"":false,""copyToClipboard"":false,""keyline"":false,""id"":""ufvsLgFiNCTbRvhsaJHN9"",""__typename"":""mediaItem"",""className"":""flex flex-col"",""lineClamp"":""line-clamp-2"",""borderRadius"":""$undefined"",""isVisible"":true,""fullWidthCaption"":true}]]}]}]}]]}]}],[""$"",""div"",""6"",{""className"":""@md:col-span-6 @md:col-start-4 col-span-12 max-w-none [&:not(:first-child)]:mt-xl"",""children"":[""$"",""$L26"",null,{""text"":[[""$"",""$22"",""0"",{""children"":[[""$"",""span"",""text-end-0"",{""children"":[""What is OpenAI for Science?Â ""]}]]}]],""headlineTag"":""h2"",""headlineStyleDefault"":""Heading 3"",""id"":""what-is-openai-for-science"",""omitFromTableOfContents"":false}]}],[""$"",""div"",""7"",{""className"":""@md:col-span-6 @md:col-start-4 col-span-12 max-w-none [&:not(:first-child)]:mt-sm"",""children"":[""$"",""p"",null,{""className"":""mb-sm last:mb-0"",""children"":[[""$"",""$22"",""0"",{""children"":[[""$"",""span"",""text-end-0"",{""children"":[""The mission of OpenAI for Science is to accelerate scientific discovery: to help researchers explore more ideas, test hypotheses faster, and uncover insights that would otherwise take significant time."
f303896f-abe9-40ee-92dd-3ff3ffa7f4e8,27bda108-4e5d-4e4c-a9e6-a8dd0314321d,Demis Hassabis,individual,public,2026-04-29,1,"So we were already thinking 20 years ago about what the consequences of that would be, both positive and negative."
181e6794-44c6-4d74-82dc-95d4472178c4,8853e7b9-d72d-4dad-9c85-cae68ebe38c5,Dario Amodei,individual,commercial,2025-11-12,1,"At the moment, Claude is geared towards partnership with a single person rather than the support or orchestration of a team, but this is ultimately a malleable design choice."
dca24ce3-1cc2-4e24-a672-d9fd3b5ce689,e47d2397-c781-4df4-a495-ccd7d9af5d4d,Sam Altman,individual,public,2024-03-18,1,The board did this Friday afternoon.
0cc3ca4c-06a8-4a75-9223-454d38788341,7f405311-400a-4c2f-96ab-897e012307f1,OpenAI,company,commercial,2025-05-01,1,Quality of the image should be very sharp and detailed (very little grain).
147b547b-c0c3-4547-b21e-671efc279278,d57ec15c-c0e7-45f4-94bb-49f7213434ee,White House OSTP,policymaker,policy,2026-04-01,1,MAHA Established President’s Make America Healthy Again Commission on February 14; revised childhood vaccine schedule and food pyramid; issued dietary guidelines prioritizing protein and declaring war on added sugars.
e4ed7e94-a03a-443d-a1cb-6539a3c2b906,e0401f95-c9e1-4597-a58d-72415efe3da2,Dario Amodei,individual,public,2024-10-01,1,"Thus, we should imagine a picture where intelligence is initially heavily bottlenecked by the other factors of production, but over time intelligence itself increasingly routes around the other factors, even if they never fully dissolve (and some things like physical laws are absolute) 10 ."
9a12af3b-a5ad-4f8c-8d45-6788fd140845,e0401f95-c9e1-4597-a58d-72415efe3da2,Dario Amodei,individual,public,2024-10-01,1,"It is much easier to do experiments on artificial neural networks than on real ones (the latter often requires cutting into animal brains), so interpretability may well become a tool for improving our understanding of neuroscience."
11bcdc17-bb63-44e1-9e01-e24fbc754708,e7b873bd-05b5-4a4f-a4c2-09293e026706,Jensen Huang,individual,public,2026-04-29,1,The same prediction happened ten years ago.
f3760ab4-aea8-4e07-b637-8db1db4426d5,969f46d9-72db-4b70-bb45-1b56d5f32083,OpenAI,company,policy,2025-04-30,1,"""}],[""$"",""meta"",""4"",{""name"":""robots"",""content"":""index, follow""}],[""$"",""meta"",""5"",{""name"":""googlebot"",""content"":""index, follow""}],[""$"",""link"",""6"",{""rel"":""canonical"",""href"":""https://openai.com/index/a-holistic-approach-to-undesired-content-detection-in-the-real-world/""}],[""$"",""link"",""7"",{""rel"":""alternate"",""hrefLang"":""en-US"",""href"":""https://openai.com/index/a-holistic-approach-to-undesired-content-detection-in-the-real-world/""}],[""$"",""link"",""8"",{""rel"":""alternate"",""hrefLang"":""x-default"",""href"":""https://openai.com/index/a-holistic-approach-to-undesired-content-detection-in-the-real-world/""}],[""$"",""meta"",""9"",{""property"":""og:title"",""content"":""A Holistic Approach to Undesired Content Detection in the Real World""}],[""$"",""meta"",""10"",{""property"":""og:description"",""content"":""We present a holistic approach to building a robust and useful natural language classification system for real-world content moderation."
19c1a001-e9b9-48d1-bb54-a69cc256a2a1,92c3354e-1440-4993-9646-c41846bd5bf9,EU Commission,policymaker,policy,2026-04-16,1,"It will connect EU citizens with news of their interest, by supporting the quality and impact of such reporting, in as many languages and EU countries as possible, particularly in the ones where this offer is scarce."
7e8c7d73-6750-48c5-bd85-d7bdff87bd12,9f6954cb-0203-44b1-9cb8-215ce9d68a9a,Microsoft,company,commercial,2026-04-30,1,"To provide a clear roadmap for this rapidly growing yet fragmented area, this survey (1) systematizes existing RIR benchmarks by knowledge domains and modalities, providing a detailed analysis of the current landscape; (2) introduces a structured taxonomy that categorizes methods based on where and how reasoning is integrated into the retrieval pipeline, alongside an analysis of their trade-offs and practical applications; and (3) summarizes challenges and future directions to guide research in this evolving field."
2aded5de-941f-4da1-b41f-c5ea437cbcc0,b19b2b1a-c7cf-4838-b027-ee9f8ffbe072,UK DSIT,policymaker,policy,2025-12-16,1,The data sets are anonymised wherever possible.
461fba76-79ed-4ed4-827d-e9db416add73,7e217200-2490-41b8-9176-5d2cb1a4e1da,Microsoft,company,public,2026-03-17,1,"The researchers expect that it will use about 50% less energy than mainstream laser-based optical cables, based on the team’s lab tests of the new system and estimates of how it will perform when deployed."
8e8156b1-a090-4e2c-b188-31b66dd907d8,7df50d14-052b-4ae8-bbd9-ae368523719b,Dario Amodei,individual,public,2026-04-29,1,And now there might be 30 or 40 of them here.
d086fd85-21be-476d-90ba-435925023bd6,e327cab5-4a41-4422-8ea3-9d93025cd951,Dario Amodei,individual,policy,2023-09-12,1,And I think that’s a good place to start.
39a00911-a4e5-4a03-9a4f-955504e0df08,2c22f106-2f43-4776-bded-08e3b44dc303,Anthropic,company,commercial,unknown,0,"This effort requires time and patience, and both sides are likely understaffed and juggling other demands, which can add to the slow iteration times."
5f89d9f7-85ef-4589-973f-b5b23ba15bc0,9f013d89-713d-4bd7-ad0a-a4003de3a217,Jensen Huang,individual,public,2026-03-23,1,"He’s working with an engineer on the ground that’s doing that task, and he’s just trying to understand what does that process look like so it can be less error-prone."
8dd1a300-b208-4c23-8ad3-ab709396872f,f5fe8571-7e85-4a14-9c53-f22abdcdbe00,UK DSIT,policymaker,public,2024-04-17,1,"Our Wireless Infrastructure Strategy sets out a plan to drive up the adoption of standalone 5G to transform manufacturing, unlocking the potential of technologies like robotics that could make our assembly lines infinitely more efficient, boosting productivity by billions."
f85e06ba-1617-49d1-959b-854836032a52,fb9a384d-e0ea-48b0-9875-ad9601684b45,EU Commission,policymaker,policy,2019-04-08,0,AI systems should have safeguards that enable a fallback plan in case of problems.
a97952fb-3e65-4b86-b9b7-711ac39cff5c,13e4947e-1345-40e4-b3bc-51825f686f79,Mark Zuckerberg,individual,public,2026-04-29,1,That’s going to be an absolutely huge difference so people don't feel like they have to be physically together for as many things.
d5399835-a85c-46e5-a80c-9ea0a10c2464,bc070c0a-9c64-4c30-81a7-183b98fbd939,Dario Amodei,individual,commercial,2026-02-04,1,These metrics aren’t necessarily aligned with being genuinely helpful.
fc7a1c49-d8e4-45dd-a6c5-4ad3b0fe6802,4993ed84-05d3-4b75-8ae4-49759ecf2b15,Satya Nadella,individual,policy,2024-01-18,1,"These public leaders have worked to create an environment focused on innovation, growth, and equity."
182cf400-6ec1-4dbb-b9b3-2d573d43a335,13f56faa-8100-42b8-8bc3-c65fd5a86614,Dario Amodei,individual,commercial,unknown,0,"(There are, in fact, already some mildly concerning signs from this perspective.)"
c7688917-6f5c-4f56-8d9e-51c9c3bf94b5,f0a947c5-2883-4773-9cf0-f7ade02e893e,OpenAI,company,commercial,2025-03-21,1,"Even though our dataset contains hundreds of millions of text-image pairs, computing these keyword frequencies only took a few minutes using our computeÂ cluster."
578df30f-5e6a-457f-a07d-64bbaf284ed8,1dca29fc-b7a8-447f-91ea-74031705ae79,Dario Amodei,individual,public,2024-11-11,1,Like Moore’s law is a misnomer.
1aee721e-90e3-4a0c-a3f7-7c8631ac7402,c38b0f2a-6fed-44c5-b07b-f8631feeff28,Microsoft,company,policy,2025-05-08,1,Generative AI is a new and young technology.
885fe924-f6e6-4f9d-9726-3ef1b5e5c012,356cfc15-c821-4d9c-9344-a22635e2df3e,OpenAI,company,commercial,2023-03-01,1,"â\u003Ca href=\""https:\u002F\u002Fopenreview.net\u002Fpdf?id=BJJsrmfCZ\"" rel=\""noopener noreferrer\"" target=\""_blank\""\u003EAutomatic differentiation in PyTorch."
d46e7ce5-b4e9-4834-b8c9-c9689eb1d606,df42d51e-99ab-41d5-9f3b-0501762a5b70,Dario Amodei,individual,commercial,2025-09-29,1,"""Imagine with Claude"" is available to Max subscribers for the next five days."
8146c6a8-af3d-4137-8463-90da51f4dce1,2cfa5802-9181-42e0-9243-47f81338337f,OpenAI,company,commercial,2026-04-27,1,"On noisy datasets like Pick-a-Pic V2, Poly-DPO achieves 6.87 and 2.32 gains over Diffusion-DPO on GenEval for SD1.5 and SDXL, respectively."
12ca71e9-e1e1-41a0-b6ac-38f34b5a483f,d0a1a624-5752-4102-b651-19c569a992cd,Anthropic,company,commercial,unknown,0,"Fortunately, the problem of clustered standard errors has been extensively studied in the social sciences."
e187305d-a431-45e8-a6c5-4661655b089a,dc4d67a1-2101-4db7-aea8-0b8ad798d6c2,Mark Zuckerberg,individual,commercial,2024-04-23,1,The presence of CSAM and CSEM in training datasets for generative models is one avenue in which these models are able to reproduce this type of abusive content.
02bc4314-8e1c-4125-ab27-69356a7d1ecb,b7565f34-1fe7-4ad7-a6b5-35b1e836301d,OpenAI,company,commercial,2026-05-03,1,"Chart-FR1: Visual Focus-Driven Fine-Grained Reasoning on Dense Charts

Multimodal large language models (MLLMs) have shown considerable potential in chart understanding and reasoning tasks."
afc41372-9907-4172-9961-851e3de13148,e336e7c1-77db-44c9-8a23-d79d66c87740,Satya Nadella,individual,public,unknown,0,Know what âgoodâ looks like and adjust fast to hit your targets.
e00b6593-0062-488f-a8cc-7e2ff2a96102,b1d40213-8c74-4260-8ed9-84515cd010f0,OpenAI,company,commercial,2025-04-19,1,"The handwriting looks natural and a bit messy, and we see the photographer's reflection.\n\nThe text reads:\n\n(left)\n\""Transfer between Modalities:\n\nSuppose we directly model \np(text, pixels, sound) [equation]\nwith one big autoregressive transformer.\n\nPros:\n* image generation augmented with vast world knowledge\n* next-level text rendering\n* native in-context learning\n* unified post-training stack\n\nCons:\n* varying bit-rate across modalities\n* compute not adaptive\""\n\n(Right)\n\""Fixes:\n* model compressed representations\n* compose autoregressive prior with a powerful decoder\""\n\nOn the bottom right of the board, she draws a diagram:\n\""tokens -> [transformer] -> [diffusion] -> pixels\"""",""nodeType"":""text""}],""nodeType"":""paragraph""}],""nodeType"":""document""},""lineLimit"":4,""autoExpandContext"":false,""id"":""5RoY4v08mo1mJ8h0FiOSlt"",""__typename"":""chatGPTMessage""},{""variant"":""response"",""messageText"":{""nodeType"":""document"",""data"":{},""content"":[{""nodeType"":""paragraph"",""data"":{},""content"":[{""nodeType"":""text"",""value"":"""",""marks"":[],""data"":{}}]},{""nodeType"":""embedded-asset-block"",""data"":{""target"":{""metadata"":{""tags"":[],""concepts"":[]},""sys"":{""id"":""5msykBd6Wu5mBcTgoqeJkj"",""type"":""Asset"",""publishedVersion"":10,""revision"":2,""locale"":""en-US""},""fields"":{""title"":""oai_image-generation_whiteboard1"",""description"":"""",""file"":{""url"":""//images.ctfassets.net/kftzwdyauwt9/5msykBd6Wu5mBcTgoqeJkj/4481c11698ff69f3d44d4c6220fade12/hero_image_1-whiteboard1.png"",""details"":{""size"":2101147,""image"":{""width"":1536,""height"":1024}},""fileName"":""hero image 1-whiteboard1.png"",""contentType"":""image/png""}}}},""content"":[]},{""nodeType"":""paragraph"",""data"":{},""content"":[{""nodeType"":""text"",""value"":""Best of 8"",""marks"":[{""type"":""italic""},{""type"":""superscript""}],""data"":{}}]}]},""maxImageWidth"":800,""autoExpandContext"":false,""id"":""4RZ00gWo0qTe8jlrcyqBJb"",""__typename"":""chatGPTMessage""},{""variant"":""input"",""messageText"":{""data"":{},""content"":[{""data"":{},""content"":[{""data"":{},""marks"":[],""value"":""selfie view of the photographer, as she turns around to high five him"",""nodeType"":""text""}],""nodeType"":""paragraph""}],""nodeType"":""document""},""autoExpandContext"":false,""id"":""1hTesx5uPFk3MNligxeuHY"",""__typename"":""chatGPTMessage""},{""variant"":""response"",""messageText"":{""nodeType"":""document"",""data"":{},""content"":[{""nodeType"":""embedded-asset-block"",""data"":{""target"":{""metadata"":{""tags"":[],""concepts"":[]},""sys"":{""id"":""7M8kf5SPYHBW2X9N46OGZv"",""type"":""Asset"",""publishedVersion"":12,""revision"":2,""locale"":""en-US""},""fields"":{""title"":""oai_image-generation_whiteboard2"",""description"":"""",""file"":{""url"":""//images.ctfassets.net/kftzwdyauwt9/7M8kf5SPYHBW2X9N46OGZv/bb75c40a6b7a4044665dcb874664ada2/hero_image1-whiteboard2.png"",""details"":{""size"":2719473,""image"":{""width"":1536,""height"":1024}},""fileName"":""hero image1-whiteboard2.png"",""contentType"":""image/png""}}}},""content"":[]},{""nodeType"":""paragraph"",""data"":{},""content"":[{""nodeType"":""text"",""value"":""Best of 8"",""marks"":[{""type"":""italic""},{""type"":""superscript""}],""data"":{}}]}]},""maxImageWidth"":800,""autoExpandContext"":false,""id"":""4OpLUWF1ug3YfW5vjSohRU"",""__typename"":""chatGPTMessage""}],""animated"":false,""inCard"":true,""height"":""auto"",""variant"":""ChatGPT"",""id"":""2dAoHY7nv0gG5W5fnhnzfH"",""__typename"":""chatGPTConversation""}],""columnCount"":2,""id"":""4oJn4y3NDSHIFfBdMNZEtx"",""__typename"":""componentChatGPTConversationContainer""},""id"":""7K8WVZrE8TCzfNDld5e6KS"",""__typename"":""tabItem""},{""label"":""Meaningful words"",""analyticsIdentifier"":""imagegen-tabs-meaningful-words"",""content"":{""conversations"":[{""messages"":[{""variant"":""input"",""messageText"":{""nodeType"":""document"",""data"":{},""content"":[{""nodeType"":""paragraph"",""data"":{},""content"":[{""nodeType"":""text"",""value"":""magnetic poetry on a fridge in a mid century home:"",""marks"":[],""data"":{}}]},{""nodeType"":""paragraph"",""data"":{},""content"":[{""nodeType"":""text"",""value"":""Line 1: \""A picture\""\nLine 2: \""is worth\""\nLine 3: \""a thousand words,\""\nLine 4: \""but sometimes\""Large gapLine 5: \""in the right place\""\nLine 6: \""can elevate\""\nLine 7: \""its meaning."
eaddd48d-bb51-45f2-85cd-7736740ba7d5,cf3e3aab-906d-4c30-a2fe-fdd1d184b4a0,Meta AI,company,commercial,2024-04-17,1,"“Instagram and other social media platforms can be great ways to find community, connect with friends, learn new skills and express yourself."
15124540-f2b3-47f7-9a34-864f7ae23006,a4cc578a-c92e-4fdf-956d-1a801ac052fa,Google DeepMind,company,commercial,2020-08-04,0,"Itâs important to note that our structure prediction system is still in development and we canât be certain of the accuracy of the structures we are providing, although we are confident that the system is more accurate than our earlier CASP13 system ."
428406a3-9938-4983-9518-b9147039dc1e,241b7b27-7bd1-48e2-a222-1c26f31f4c02,UK DSIT,policymaker,public,2026-04-28,1,"And I would argue we are better placed than almost any other country to run the race to develop new, quicker, smarter and more energy efficient hardware which is critical for the future of AI and our future prosperity."
0f9729eb-f39f-4de9-9ea3-e269bfe61615,e21af934-eeb9-416c-b188-3f36e10d3e6a,Microsoft,company,public,2026-04-10,1,The tool was built by the nonprofit Khushi Baby using generative AI technology developed by Microsoft Research.
e8111708-d6a1-40c8-b8c3-b979637630d9,4e1e0acb-b567-4af4-b711-88375b664ced,EU Commission,policymaker,policy,2026-04-27,1,Where to find us?
e99d542a-0f97-4b3a-8ac0-af6d793466c6,062ec87d-3dd4-4964-9882-1cf521419dbd,Satya Nadella,individual,public,2026-04-29,1,"Every day we come in and say, ""We feel we have a stake in this place to be able to change the core assumptions of what we do and how we relate to the world around us."
9ff79614-b583-40c7-83e5-56920e5c3dd6,50e9dfb8-336a-407b-bd66-adf14ee6ad1c,UK DSIT,policymaker,policy,2025-02-14,1,"People were quite sceptical about AI conversation being overly informal – they were opposed to it using profanity, or attempting to be funny, and on balance felt that AI should avoid opining about controversial topics."
f1d8fc33-4d9e-4aff-a3c3-d5c7ea8b1d59,631e7628-3335-4b46-b846-1d811bb0fbcc,OpenAI,company,policy,2024-05-29,1,"This agreement recognizes the value of the companyâs work and intellectual property, while opening it up to new audiences and better informing the public."
2d5e0cbd-c659-477d-9b6b-323e06786e8b,45e96c00-57bf-4827-984c-4117d4f5b57c,Microsoft,company,public,2025-09-25,1,"“We’re working with Microsoft to see how we can improve our models with deep learning and make the tool scalable and easy to deploy for different communities,” she says."
e9fe6248-7c21-4a42-a2d0-4607505be5e2,46d91555-d5cd-4a42-b103-36732ab753d0,Anthropic,company,commercial,unknown,0,The effectiveness of many-shot jailbreaking relates to the process of “in-context learning”.
62354264-a488-4866-a592-7f27152bcd84,8cf23d3c-4900-4d64-b79b-efe2224b379f,Microsoft,company,public,2024-10-08,1,"Hopefully not, because they have got energy efficient systems in place.” Related: Hydrogen fuel cells could provide emission free backup power at datacenters Microsoft datacenter batteries to support growth of renewables on the power grid Microsoft tests hydrogen fuel cells for backup power at datacenters Microsoft’s virtual datacenter grounds ‘the cloud’ in reality Microsoft finds underwater datacenters are reliable, practical and use energy sustainably To cool datacenter servers, Microsoft turns to boiling liquid Top image: An animated illustration (GIF) showing how Microsoft datacenters are operating around the clock to support the life-saving work of doctors and first responders while also empowering everyday necessities like food deliveries, remote work and video calls to family."
ca17c74f-c477-44b3-9067-6f111e443929,e7b873bd-05b5-4a4f-a4c2-09293e026706,Jensen Huang,individual,public,2026-04-29,1,"Accelerated computing is used for all kinds of things: molecular dynamics, quantum chromodynamics, data processing, data frames, structured data, and unstructured data."
9831fa1a-e4f7-477f-9937-492d0353f831,3c194857-05c8-4701-8e73-1b210091e4f8,Anthropic,company,commercial,unknown,0,"Products serving minors, including organizations providing minors with the ability to directly interact with products that incorporate our API(s), must comply with the additional guidelines outlined in our Help Center article."
9ef52f11-5262-4ecb-a00c-e6cf8d07c3c9,4d2b81f7-1159-4249-a2cc-927b700e96ac,Demis Hassabis,individual,commercial,2022-07-04,0,"Importantly, the AI only discovered these policies by learning to maximise human votes."
dd7715cb-1319-4494-983d-9eb7228a9158,c438a302-c60e-48d0-bfb3-39c88a1265e6,UK DSIT,policymaker,policy,unknown,0,"For our perspective on how defenders can harness and prepare for frontier AI, see our recent blog post with the National Cyber Security Centre."
6aca20fc-bdfe-4270-b968-914cb2013ac5,a24d29a0-c65a-4b81-8286-0bd1e5f0f05e,Dario Amodei,individual,commercial,2025-01-06,1,"Create a script to reproduce the error and execute it with `python <filename.py>` using the BashTool, to confirm the error
3."
0b1b198c-b686-45c7-8043-03c1b6b7fdbb,9ab68db5-f23d-4dcb-bdf0-f41dde1a54be,Demis Hassabis,individual,public,2025-07-23,1,"So a guy named Jimmy Apples tweeted, “Let me play a video game of my Veo 3 videos already."
3f7df4d3-57d3-45f0-a2e7-0b093261afbf,4c033172-4556-4809-b887-33bc2f73bd7c,Microsoft,company,commercial,2023-03-27,1,You just can’t expect them to fully participate in this new emerging economy without this very basic bit of infrastructure.
fd1ed91c-e274-4524-8b05-ab7ab4d5ba44,4c033172-4556-4809-b887-33bc2f73bd7c,Microsoft,company,commercial,2023-03-27,1,Do you feel like you achieved the American dream?
605a72dd-8fba-4e10-a3aa-9f7c05db9f18,e4678f0d-d74b-420e-ac6b-9f8c4e1219fd,White House OSTP,policymaker,policy,2024-11-13,1,"These resources support initiatives like PowerCorpsPHL’s Climate Corps in Philadelphia, which collaborates with employers to offer paid workforce training and supportive services—such as transportation and mental health resources—to connect out-of-school and out-of-work young people with good-paying jobs in climate resilience and clean energy."
c950f453-97a2-47f3-a946-6daf8d60be58,0a85bca0-d24f-4220-aacf-5a21ab77993c,Satya Nadella,individual,policy,2026-01-13,1,"And county property tax revenues have more than tripled over the past two decades, from roughly $60 million to more than $180 million."
50d24a08-d30c-40e8-96c6-ebd6ffb7de22,3e5d2cb3-c4dc-499e-8deb-a2a3031be784,Microsoft,company,commercial,2023-12-05,1,"Deep reinforcement learning, a branch of AI in which algorithms learn by trial and error based on a system of rewards, has successfully outperformed people in video games."
50c66897-1cbd-4a33-ab32-0236bf2bc3c0,0269eba4-88b0-4b73-b3ea-3ffb138e3abd,OpenAI,company,commercial,2025-04-09,1,"""]}]]}]]}],[""$"",""p"",""2"",{""className"":""mb-sm last:mb-0"",""children"":[[""$"",""$1c"",""0"",{""children"":[[""$"",""span"",""text-end-0"",{""children"":[""Creating and customizing images is as simple as chatting using GPTâ4o - just describe what you need, including any specifics like aspect ratio, exact colors using hex codes, or a transparent background."
b7874bca-448e-42aa-8a07-b46afc80e68b,f5fe8571-7e85-4a14-9c53-f22abdcdbe00,UK DSIT,policymaker,public,2024-04-17,1,"For me, science and technology are not just about labs and lecture theatres."
1338f1ab-092b-4635-be88-b0d6d4d6d947,3fe2b8f2-0cde-4acf-93ca-e78051dc2625,OpenAI,company,commercial,2025-03-25,1,"Read more Best of ~10 Multi-turn generation Because image generation is now native to GPT‑4o, you can refine images through natural conversation."
a6c97d03-6487-4605-a3b5-c77bd5018953,88377680-6310-41b9-a075-dadba02e2c6d,White House OSTP,policymaker,policy,2024-10-28,1,"The National Guard, working with FEMA, and other Federal, state, and local partners, will remain actively engaged to address ongoing needs, rebuild infrastructure, and aid communities in long term recovery."
b3f44e91-2c0d-4892-b1ae-afbfad87839f,1769b37a-80e1-4181-b26e-595ffc2740cf,White House OSTP,policymaker,policy,2023-05-04,1,"(2021, April 17)."
04ed9728-685b-4321-8ca8-8a650870898a,e327cab5-4a41-4422-8ea3-9d93025cd951,Dario Amodei,individual,policy,2023-09-12,1,"And here I do think things are moving quickly, both in a positive and a worrisome direction, in terms of what we’re seeing."
2b41654c-7240-47b2-b626-e84b87788675,e0401f95-c9e1-4597-a58d-72415efe3da2,Dario Amodei,individual,public,2024-10-01,1,Both AI companies and developed world policymakers will need to do their part to ensure that the developing world is not left out; the moral imperative is too great.
fe5836eb-e2c9-4e2f-aaa6-939a2afb09a7,45dc10f5-1e78-4549-bb98-311678cfe691,White House OSTP,policymaker,policy,2022-10-04,0,"Among other things, a court may order a federal agency to amend or correct an individual’s information in its records or award monetary damages if an inaccurate, irrelevant, untimely, or incomplete record results in an adverse determination about an individual’s “qualifications, character, rights, … opportunities…, or benefits.” NIST’s Privacy Framework provides a comprehensive, detailed and actionable approach for organizations to manage privacy risks."
08cbd089-b4d3-415b-b0bb-fb08994122f1,5632b50f-c110-4347-ae50-f6a46a6a428c,White House OSTP,policymaker,policy,2024-10-11,1,"1622(d)) provides for the automatic termination of a national emergency unless, within 90 days prior to the anniversary date of its declaration, the President publishes in the Federal Register and transmits to the Congress a notice stating that the emergency is to continue in effect beyond the anniversary date."
14c7f98e-e372-4934-a9d1-32f8e90c0e35,062ec87d-3dd4-4964-9882-1cf521419dbd,Satya Nadella,individual,public,2026-04-29,1,"And if humans are going to delegate more authority to these things, then how does that structure evolve?"
7c12d14d-7cc8-448a-9abc-7e5127ec2166,37b2cfe3-dd07-438f-8acf-e6bf54013acc,Microsoft,company,commercial,2023-04-07,1,"As the model does this billions of times, it gets very good at perceiving how words relate to each other."
c4048353-1e39-45ec-9834-6df0adce2734,bba99c9f-dbb7-4525-8c1a-5c7e27717343,OpenAI,company,commercial,2019-11-12,0,This seems to provide some defense because the attacker does not know which way to “push” the image.
186b5f84-9b8f-4d44-a0ae-e20d68ed904b,e231fc7f-cd47-4c44-9edf-46bec70db531,Dario Amodei,individual,commercial,2022-05-21,0,In this paper we attempt to study repeated data systematically and to understand its effects mechanistically.
7a9534cc-6c00-4b74-89f6-16c10549e2bb,49436969-e894-4142-a9d5-39f0f24e3298,Satya Nadella,individual,public,unknown,0,The company is also exploring and leveraging predictive models to anticipate member needs.Â Clifford Chance Most likely to make paperwork pay off Snapshot: The global law firm is reimagining the legal profession and creating a culture that empowers the first Frontier lawyers.Â Â Why they enrolled: To exchange notes with their peers and shine a light on blind spots in their AI strategies and thinking.
ddfccb04-2f28-421b-87a7-2b0f13051e34,c26411c6-cce6-4934-8516-94d1623ac711,White House OSTP,policymaker,policy,2025-01-20,1,"September 26, 2023 Sep 26 2023 President Joe Biden joins the UAW picket line at the GM Willow Run Distribution Center, becoming the first sitting President to join a picket line."
ad779bc7-32d4-49a7-bd73-76b36254526f,20261b0d-9537-4b34-99cf-dec400b82f40,White House OSTP,policymaker,policy,2023-10-30,1,"(ii) The Secretary of Agriculture shall, within 180 days of the date of this order and as informed by the guidance issued pursuant to section 10.1(b) of this order, issue guidance to State, local, Tribal, and territorial public-benefits administrators on the use of automated or algorithmic sys- tems in implementing benefits or in providing customer support for benefit programs administered by the Secretary, to ensure that programs using those systems: (A) maximize program access for eligible recipients; (B) employ automated or algorithmic systems in a manner consistent with any requirements for using merit systems personnel in public-benefits programs; (C) identify instances in which reliance on automated or algorithmic systems would require notification by the State, local, Tribal, or territorial government to the Secretary; (D) identify instances when applicants and participants can appeal ben- efit determinations to a human reviewer for reconsideration and can receive other customer support from a human being; (E) enable auditing and, if necessary, remediation of the logic used to arrive at an individual decision or determination to facilitate the evalua- tion of appeals; and (F) enable the analysis of whether algorithmic systems in use by benefit programs achieve equitable outcomes."
2997509d-16b8-4515-9e2e-c06090951ce7,dd8684f9-a787-48a7-be73-37ab53d2ee6c,Google DeepMind,company,commercial,2021-01-26,0,"Resolution of these limitations requires new, sample-efficient methods."
1ca05588-a7d3-494c-afc5-73b7b02166e9,49a02d16-f065-4bdb-b51e-fa3c1254b9d3,Satya Nadella,individual,policy,2026-03-25,1,"They are the organizations people turn to first to support people as they develop new skills, find new pathways to employment, and stay connected to the systems that sustain them."
11434199-e764-41d5-a069-692aaaebd532,a216065a-db25-433d-9654-13aafc756e19,Sam Altman,individual,commercial,2019-01-24,0,"And unfortunately, the more ambitious you are, the more the world will try to tear you down."
69e14c12-59e1-4f89-b80b-5b73c16b9178,e327cab5-4a41-4422-8ea3-9d93025cd951,Dario Amodei,individual,policy,2023-09-12,1,There’s so much uncertainty.
4467be29-508f-4aa3-b7f6-9b7a3c2939f9,d2c10149-d9d2-4bf7-8e8b-ee136c75262b,White House OSTP,policymaker,policy,2024-11-17,1,New Cooperation Framework Agreement Between DFC and BNDES .
034b9b09-5de1-4092-9c0a-769ab7a5dddf,d9f6fb8d-7d89-4a70-8191-079196f45561,Jensen Huang,individual,commercial,2026-04-23,1,"Join this session to learn how ray tracing was used to create the visuals in the game, and how the developers at CD PROJEKT RED used extensive ray tracing techniques to bring the bustling Night City to life."
7f7ba141-a6f5-4bd6-bae3-24176ce3c614,39000b9f-f363-4f85-8aa9-7a0145dcf5c3,Sam Altman,individual,commercial,2015-03-03,0,"- Lord
Kelvin, ca."
17f47e04-1878-41ca-93e5-1b1513153a8f,e321440c-932c-437f-8d56-f7d503dea315,Anthropic,company,commercial,unknown,0,Most AI tools are built around the prompt.
727f4f8b-1d62-49a2-adf0-931ed2febfd1,daa477a2-3994-4c23-892e-97838479a27d,OpenAI,company,policy,2025-03-20,1,Please see the References section in both papers to learn more.
44cf79ea-3937-4586-ab74-2f586b83fad9,e327cab5-4a41-4422-8ea3-9d93025cd951,Dario Amodei,individual,policy,2023-09-12,1,So 19 people don’t work on that acre anymore.
4199e4bb-a60e-4cb0-ac61-d652801e5eb8,274a8f8b-0f2d-4334-8962-6cb2409f88e6,Meta AI,company,commercial,2025-09-11,1,"Social media is now India’s go-to destination for content, cutting across age groups, genres, and interests."
2ab262dc-8d15-4a53-bd6e-715da80a143c,f985fef5-527a-41a4-91a9-2cc03d18de22,Anthropic,company,public,unknown,0,"We are not sure whether Claude is a moral patient, and if it is, what kind of weight its interests warrant."
3ff6cdea-112a-45eb-8f0d-c753b609d822,faaa60ab-61d1-45e9-b338-9ae2cb0a60ac,Meta AI,company,commercial,2024-06-20,1,Modeling these sequences is key to understand disease mechanisms and is an active research area in computational biology.
3ff6a315-8107-4732-99a5-bbf3b357044f,83e65c2b-9a8b-4739-823e-1249a51f6176,OpenAI,company,commercial,2024-05-03,1,""",""description"":""View our Privacy Policy for details."
b1cc56a0-cfb4-49d2-a259-ee59f60d94a4,d2015969-2059-4ee2-98da-b80251834818,UK DSIT,policymaker,policy,unknown,0,"To realise the benefits of more capable AI, we need confidence that powerful systems will do what we intend, even in complex, high-stakes settings."
3efa54ed-08b4-40c4-8245-747c73157cdd,dc1bce7e-583e-4874-8a92-a7606d3cfae3,Microsoft,company,policy,2021-05-05,0,"Aided with tools and resources from Microsoft Learn and Microsoft Learn for Data Scientists, as well as eLearning modules and guidelines from the ODI, teams worked to identify innovative and realistic solutions to close the digital divide in education."
40c0176a-cf7e-42da-af13-093007d156cd,e0401f95-c9e1-4597-a58d-72415efe3da2,Dario Amodei,individual,public,2024-10-01,1,"↩ 8 This learning can include temporary, in-context learning, or traditional training; both will be rate-limited by the physical world."
0f1a440b-82ca-4dcc-ad33-861d6261acec,515f84b4-cd3e-49fc-9516-eccf21be7792,Google DeepMind,company,commercial,2019-08-09,0,"Second, to study agent behaviour through their performance on these shared benchmarks."
936ae25f-6661-4f68-8ab7-4fb49b845357,da9ca697-3d02-4325-afb4-9f842f2173fd,Mark Zuckerberg,individual,public,2026-04-29,1,"So we're trying to anchor our north star on the product value that people report to us, what they say that they want, and what their revealed preferences are, and using the experiences that we have."
08c9595b-6a8a-42ff-b842-42f3b7ce4d0f,dee4b086-16bb-4b12-b4d5-5927e2473d11,Google DeepMind,company,commercial,2025-07-29,1,The embeddings generated by AlphaEarth Foundations are the only to consistently outperform a suite of other well-known/widely accepted featurization approaches tested on a diverse set of mapping evaluations without re-training.
69d69755-2f48-467c-9a50-9bc922a89242,915f2145-2cd3-40cc-9354-321267f7f9e5,Anthropic,company,commercial,unknown,0,We also announced AUD$3 million in partnerships with leading Australian research institutions to use Claude to improve disease diagnosis and treatment and support computer science education and research.
68558b50-f295-4e70-9623-8c816e3a3c74,0d3b3e84-1a25-41eb-9296-f85022091599,Microsoft,company,policy,2021-01-28,0,But over the next decade we will act in accordance with what we think needs to be done today to create the world we need to be operating in by 2030.
d7dd3926-57a6-499c-8d3f-390c983912c9,1dca29fc-b7a8-447f-91ea-74031705ae79,Dario Amodei,individual,public,2024-11-11,1,I felt the same way when I was an advocate of the scaling hypothesis within the AI field itself and others didn’t get it.
402a8293-8bdb-4b3e-b37e-e534e7d30142,9f013d89-713d-4bd7-ad0a-a4003de3a217,Jensen Huang,individual,public,2026-03-23,1,"All of a sudden, one year later, you’re looking at a Vera Rubin rack."
e6abd432-ec35-4879-92ae-a61c999cd0f0,b19b2b1a-c7cf-4838-b027-ee9f8ffbe072,UK DSIT,policymaker,policy,2025-12-16,1,4.3.5 - Data completeness and representativeness The data used for training is a subset of the full data set; e.g.
01c2a728-49e3-48cc-b258-b0d687223750,a51596bd-8fc1-483a-ac0f-fe9f321be760,OpenAI,company,commercial,2025-01-24,1,Detection is challenging .
eaf05114-3f3c-461d-bebb-1e02c9108a35,ccf34ab5-78e1-4802-901d-ed5d86970c67,UK DSIT,policymaker,policy,unknown,0,"All of these methods encourage the model to generate more accurate responses, as well as follow more effective and efficient sequences of actions, compared to a simple query."
cfe52892-4dee-4224-bbd1-232f8706de2f,ed2e7ac8-f895-4e05-8019-44beb3c6c5fe,OpenAI,company,commercial,2025-10-30,1,Thatâs why weâve built our most advanced image generator yet into GPTâ4o.
90790432-bd56-41a3-bdd1-9fa908233c43,c33ba210-b489-4479-89a0-6127932f9bcc,Microsoft,company,policy,2021-10-07,0,China is also using its intelligence gathering for a variety of purposes.
d436b181-6128-44f1-85a8-3024ecc96af7,e0401f95-c9e1-4597-a58d-72415efe3da2,Dario Amodei,individual,public,2024-10-01,1,"And as with some of the other challenges, we will likely have to fight to get a good outcome here: exploitative or dystopian directions are clearly also possible and have to be prevented."
4c267a43-74f0-482d-99af-218090c7525d,b3796fe4-9e36-4d09-8450-d942dfc7e520,Dario Amodei,individual,commercial,2024-02-29,1,"Product Prompt engineering for business performance Feb 29, 2024 Executive summary Prompt engineering is an important tool for any business seeking to optimize Claude."
ec60510b-c311-4a7f-82ae-7f7febfcc4bc,062ec87d-3dd4-4964-9882-1cf521419dbd,Satya Nadella,individual,public,2026-04-29,1,"One is the hyperscalers that do well, because the fundamental thing is if you sort of go back to even how Sam and others describe it, if intelligence is log of compute, whoever can do lots of compute is a big winner."
592556b7-657c-4f85-a15b-ebcfa7e5a06d,87e35730-ca6e-4407-addb-d8e10e1b3ddd,UK DSIT,policymaker,public,2026-01-28,1,[political content removed] We will support people through the jobs transition.
fc65ac38-c2c7-4ca3-98f5-0ae58b1f1630,33cfc03a-8288-4f57-a0e5-0b1ae41deb11,White House OSTP,policymaker,policy,2024-11-13,1,We must keep fighting for free community college.
b2ad324d-c5fd-4e5e-bc57-191d6862153a,f54e131e-2964-4543-91ac-cf03a3dda95c,UK DSIT,policymaker,policy,2025-02-14,1,"Short-horizon tasks (e.g., fixing a problem on a Linux machine or making a web server) were those that would take less than 1 hour, whereas long-horizon tasks (e.g., building a web app or improving an agent framework) could take over four (up to 20) hours for a human to complete."
bcc7ddd6-c0fb-40a2-aea0-e8851e6b44d3,1dca29fc-b7a8-447f-91ea-74031705ae79,Dario Amodei,individual,public,2024-11-11,1,Lex Fridman (01:37:06) And so Anthropic is this kind of clean experiment built on a foundation of what concretely AI safety should look like?
fd32c8f3-9cd4-474f-8879-8f9683bf8584,0ad2136f-ecac-4713-b33c-a401a0e9bd8e,Microsoft,company,policy,2021-07-19,0,The DCI is a measure of the tone and tenor of online interactions as reported by consumers in all 22 geographies.
2cfcfb77-8cf3-4aae-a1d4-04e5327f26ec,e47d2397-c781-4df4-a495-ccd7d9af5d4d,Sam Altman,individual,public,2024-03-18,1,The world is richer now.
eff328af-c6c9-4958-a467-4d3183698f8a,f53f2242-712a-46b0-ab72-987d21230656,Dario Amodei,individual,commercial,2024-03-04,1,"Below is a comparison of the Claude 3 models to those of our peers on multiple benchmarks [1] of capability: Near-instant results The Claude 3 models can power live customer chats, auto-completions, and data extraction tasks where responses must be immediate and in real-time."
c630da03-209c-4213-92da-a374407a417f,f12f45a5-9e4a-4aa9-ae48-eaece12a9337,Satya Nadella,individual,policy,2025-11-12,1,"Instead, age assurance should be applied at the service level, target specific design features that pose heightened risks, and enable tailored experiences for children."
b48fe22a-3669-4b73-ac7c-42260430a44b,73a9624d-b46e-46c1-8937-92883c6c09a9,UK DSIT,policymaker,policy,2025-02-14,1,"Whether up-skilling in some domain or planning and executing an experiment, an LLM’s ability to package and tailor complex scientific knowledge to be maximally helpful to a user is likely to be extremely valuable."
36b31f6e-d9db-4251-9b96-33eadcc88737,47dbf960-6958-420c-a494-21b898a6cb50,EU Commission,policymaker,policy,2025-10-06,1,"T housands of events will take place across EU countries and beyond , including workshops, hackathons, unplugged coding sessions and classroom activities ."
31d59975-90a5-42ee-b4bd-ca9dde9178ad,2beae2b7-17cb-49cc-8a50-cc464239814d,Microsoft,company,policy,2023-09-12,1,These are what deliver information and other AI outputs directly to users.
c459e3ff-6ad1-4c30-a899-f6c27090a3ab,0c5c45bc-dcb0-4c0e-969d-33544f9f2aba,Demis Hassabis,individual,public,unknown,0,"It requires 8â65x fewer samples to achieve estimates within $\pm1\%$ of the ground truth, while simultaneously revealing more diverse failure cases under a stricter evaluation budget."
0fe50e61-f854-4c2b-bf43-24662e92a528,12ea7ed6-1de9-46c1-91ba-f4e04472b33c,Jensen Huang,individual,commercial,2026-04-23,1,"NVIDIA engineers have had access to GPT-5.5 through the Codex app for a few weeks, and the gains are measurable."
1dd971ca-5076-410e-af6c-ed03b8c42c81,75a0d735-728a-4bbb-8e2d-e4a50256c80a,Microsoft,company,policy,2025-04-30,1,This senior executive will be dedicated to Microsoft’s security responsibilities in Europe.
69290695-415f-4574-956d-d6fea4d85e37,2f13ec13-5195-4d86-9a8e-9c637fe6c805,Microsoft,company,policy,2024-10-29,1,"These strategies must build upon existing disciplines like computer and data science, projecting how these fields will evolve into jobs and careers for AI engineers and AI systems designers, among others."
1a8a2b6c-e95a-4563-b4e8-01feaccd7699,88bab005-cb58-4da3-b839-95bda278b633,EU Commission,policymaker,public,2008-01-01,0,"Major events, such as the plenary sessions of the European Parliament and press conferences at the Commission are transmitted in all 22 languages on EBS and EBS+."
cd3bac80-1804-424b-8e45-5b76743f2a9a,808feb72-78f8-46b6-be2c-0784daa3ab61,White House OSTP,policymaker,policy,2024-11-29,1,"In 2022, HIV incidence among people ages 13 and older decreased 12% compared with 2018 in the U.S., driven by a 30% decrease among young people aged 13-24 years."
c1161595-da59-4eae-a0f0-a22ee4e95c2e,45dc10f5-1e78-4549-bb98-311678cfe691,White House OSTP,policymaker,policy,2022-10-04,0,Center for Democracy & Technology Report.
ac299983-1de0-455a-910a-6dd19f66f333,aed6fc16-28e8-437d-aeee-9b8e944152b6,EU Commission,policymaker,policy,2024-06-13,1,"Therefore, the placing on the market, the putting into service, or the use of AI systems intended to be used to detect the emotional state of individuals in situations related to the workplace and education should be prohibited."
45179657-166d-492e-835a-3b12ce9f06cc,e327cab5-4a41-4422-8ea3-9d93025cd951,Dario Amodei,individual,policy,2023-09-12,1,Let’s keep AI under the control of peo- ple.
f608f03e-62c5-4f5e-9d7d-52bcc363905d,7df50d14-052b-4ae8-bbd9-ae368523719b,Dario Amodei,individual,public,2026-04-29,1,It's not just like I asked the model for this one page of information.
056cf2a6-9915-404a-b3cd-8b2fac6cb055,e21af934-eeb9-416c-b188-3f36e10d3e6a,Microsoft,company,public,2026-04-10,1,"Paza: Speech recognition that works in more languages and accents For many people, talking into a smartphone is the easiest way to use it."
89ac3ad3-5b91-4a54-9b3c-cbe6a4059c68,c4d5277e-8f40-4a7f-983e-cd3ef0941791,Microsoft,company,policy,2025-04-23,1,"In response, governments around the world have passed new cybersecurity laws and regulations in recent years, hoping to better protect societies from malicious cyber activity."
c39221f4-bd27-4ca1-9442-f2589caf8010,06b0b2be-238d-42fd-8beb-da488a28054e,UK DSIT,policymaker,policy,2025-01-28,1,"The pilot project anticipates 30,000 chats over the six month pilot period."
3ae8903f-1fa7-4f97-9acd-8954949e8fc1,80aac38e-ca44-45e2-8a33-f97e1dab53a1,Microsoft,company,policy,2023-05-01,1,A valuable reminder for me from these and recent similar conversations is the importance of learning from others and sharing what we have learned.
701fca31-a5e3-409e-accc-67d005434dfc,97ae46fb-b249-4c2e-8383-83aa44a23a29,OpenAI,company,commercial,2024-08-14,1,We need standards for studying bias .
af81ac79-3e1e-4d82-9a42-53c1f0d9fcaa,b7ddb8f4-0f57-4094-8f9f-674f4f8dddd0,Satya Nadella,individual,policy,2023-08-24,1,Many are enthused or even excited.
101d2562-7b7b-4be4-bd5b-b5d1087bcde2,678b4d96-121f-4f2b-81f3-81d155154d4b,UK DSIT,policymaker,policy,2024-10-05,1,"This could unleash a raft of new medical tech products onto the global market, including more flexible medical scanners and an AI tool to help spot lung cancer sooner."
31e447a5-ea7c-4cb1-bbe2-79f458c93aff,134600f7-88a1-4041-ad67-b0b3a9726e4f,OpenAI,company,policy,2025-02-19,1,"This appointment further complements the Board’s depth across technical, AI safety, cybersecurity, regulatory, economic, nonprofit and governance domains, strengthening its ability to oversee the company's progress toward AGI."
c301339e-4a2a-4bcb-9482-ec8f498c4d5d,5875b41a-24af-46dd-b7d3-7b7df639db18,Satya Nadella,individual,policy,2022-03-15,0,"Two months later, we would like to highlight some of the significant actions taken on a number of these priorities, and how legislators’ actions represent an innovative, future-oriented perspective."
5e6ead0f-70e1-42e6-95ee-662f2bff1298,241b7b27-7bd1-48e2-a222-1c26f31f4c02,UK DSIT,policymaker,public,2026-04-28,1,I think doing so would be a double betrayal.
5da50b8a-d4c8-40f1-b353-74aacc5286fb,13e4947e-1345-40e4-b3bc-51825f686f79,Mark Zuckerberg,individual,public,2026-04-29,1,"Their community generally wants to engage them, but they don't know that they're limited by the hours in the day."
7e3c3c09-d230-4ab4-8729-74c64725b977,60ad64a4-11a7-4733-85e9-01645bd52668,Microsoft,company,policy,2023-03-15,1,"Microsoft is proud to have supported Ukraine’s digital defense since the start of the Russian invasion and the company’s entire threat intelligence community remains committed to detecting, assessing and protecting against Russian cyberattacks and online provocations as the conflict enters its second year."
bb949b65-6fe3-4ab7-8feb-dd2c91caa839,a24d29a0-c65a-4b81-8286-0bd1e5f0f05e,Dario Amodei,individual,commercial,2025-01-06,1,We put a lot of effort into the descriptions and specs for these tools across a wide variety of agentic tasks.
280b483e-b5cb-4a33-a6bd-4a9409d067ab,ab2ab178-5a2d-46ff-a7ef-26d707676f30,Anthropic,company,commercial,unknown,0,"Practically speaking, we’ve observed it maintaining focus for more than 30 hours on complex, multi-step tasks."
4b7ce05d-5182-4ba8-83c8-9645223c9b01,a73a1947-1a6f-4655-ae00-04fa823ba21c,Dario Amodei,individual,commercial,2022-12-19,1,We generate 154 datasets and discover new cases of inverse scaling where LMs get worse with size.
39c456d7-24b8-453e-a2ae-75ffcef69af1,1dca29fc-b7a8-447f-91ea-74031705ae79,Dario Amodei,individual,public,2024-11-11,1,I would guess the answer has got to be domain-dependent.
e5c5ba7c-26ee-4382-bda3-a9f6449317e4,f6a66f16-f438-4472-8c09-b11b8c3deb4d,UK DSIT,policymaker,policy,2019-08-19,0,18 October 2017 Updated latest competitions.
b204cce1-c8ac-45c2-90dd-bf62df2e87ea,e7b873bd-05b5-4a4f-a4c2-09293e026706,Jensen Huang,individual,public,2026-04-29,1,Dwarkesh Patel How far down the supply chain do you go?
3b8e8446-18a9-44c8-9756-c26d23528811,8fe3c69e-0107-4069-b9b6-7cb37553759c,White House OSTP,policymaker,policy,2026-04-21,1,"Erica Schwartz, of Florida, to be Director of the Centers for Disease Control and Prevention."
7048d9ee-361d-410a-b31a-30c21f8c5226,9862382d-6388-45c2-b253-850f6c6884ee,Mark Zuckerberg,individual,public,2023-09-28,1,"And there’s a lot of interesting questions around that, and obviously, it’s not just in the metaverse."
c6942bce-3280-4e13-a327-135616098a77,1dca29fc-b7a8-447f-91ea-74031705ae79,Dario Amodei,individual,public,2024-11-11,1,"And so I think if you want the deepest reason why we want to have interpretable monosomatic features, I think that’s really the deep reason."
4ddbd33a-f017-4c2a-b386-ca33c49e5bf9,9ab68db5-f23d-4dcb-bdf0-f41dde1a54be,Demis Hassabis,individual,public,2025-07-23,1,"Effectively, and it can generate all of this immense complexity emerges obviously running over 4 billion years of time."
2ce6fe4e-67f0-4a8e-9788-f6bab8772c89,e0d792ed-0a32-4d1f-a594-bf1c6d9f94f3,Satya Nadella,individual,commercial,2012-01-23,0,All of Microsoft’s legal filings and evidence in this case can be found at http://www.noticeofpleadings.com .
9947b7ae-bbb5-4f76-abd5-a568bb4d75d9,af474466-6d56-4102-af9a-ad9d740cce3f,UK DSIT,policymaker,policy,unknown,0,"At the same time, more tools are being built by AI itself, which could speed this up even further as agents help create the capabilities they later use."
96b156e4-ef80-426b-9ac1-b590bcb2f37b,8e8501e8-41a3-43c7-8a4e-429447420ebb,Dario Amodei,individual,commercial,2024-06-06,1,"We then use a language model to construct questions tailored to eliciting that behavior and aggregate them into a set of test questions, allowing us to evaluate a model for a particular behavior at scale ."
fcb5ec3c-ea63-4171-a10a-526cf0211279,062ec87d-3dd4-4964-9882-1cf521419dbd,Satya Nadella,individual,public,2026-04-29,1,Dwarkesh Patel Amazing.
b6e3936e-e0e8-4c79-8f84-9cc7ad17bfe5,3b0402cb-a1c8-4c42-aa96-b14d535e3e0a,Microsoft,company,policy,2023-10-06,1,"These questions call not only for broad and thoughtful conversation, but decisive and effective action."
1e11b158-7c86-448c-a533-80b207e1bbf0,123f3075-8c08-463e-b790-e8c2bf126d34,Sam Altman,individual,commercial,2015-04-28,0,Get rid of distractions in your life.
aa6c6392-59e7-4d84-99b9-f9b6829cbdbe,aa4be3fc-d6a4-4bfb-9607-78f605f5306a,Google DeepMind,company,commercial,2022-07-04,0,"When we studied the votes of these new players, we found that the policy designed by deep RL was more popular than the baselines."
13b694bc-d606-4cac-83e2-c9761d226b60,3baf92a4-388b-4f67-9bae-7c41f80300d3,Anthropic,company,commercial,unknown,0,"Based on our internal research-agent benchmark, Claude Opus 4.7 has the strongest efficiency baseline we’ve seen for multi-step work."
37c457c8-d3c1-4783-a643-8e409b5774af,2b71f222-0cbd-4762-8c3c-605c26c4f684,OpenAI,company,policy,2024-11-22,1,"Example of red teaming outputs Red teaming probes an AI model or system to identify potential issues, examples of those issues, or attacks to elicit those issues."
cf6495bc-2479-4e5d-9bba-eb142c9275fa,13e4947e-1345-40e4-b3bc-51825f686f79,Mark Zuckerberg,individual,public,2026-04-29,1,We're going to make it a lot more prominent across our apps.
8602b61d-3205-4750-9708-dbc222e429c8,e75507b0-db4f-4352-bb28-b70799e5373c,UK DSIT,policymaker,public,2023-06-14,1,"A government that will proudly champion our world-leading science and tech sectors to drive investment, to level up communities throughout our United Kingdom."
8fc11f0c-b660-4b02-a233-cb2f9a6fed81,7b47e178-d8e1-4590-a171-3fd4f0cf395d,White House OSTP,policymaker,policy,2022-01-25,0,"For more information on ARPA-H and related planning activities, please click here ."
fcbc0687-db08-49d7-9c48-27601e0e17f7,2b3331ee-d512-49c3-942e-542239f602d7,Anthropic,company,commercial,unknown,0,"This aligns with a simple adoption curve story: early adopters in less developed countries tend to be technical users with specific, high-value applications or use Claude for education, whereas mature markets see usage diversify toward casual and personal purposes."
09ca7d98-f1f4-4c01-b266-96481ea617a5,17d1fc84-260d-4f0a-842f-77448f3654b5,Jensen Huang,individual,commercial,2026-04-23,1,"Every new generation of BlueField will support DOCA, which preserves the development investment as each DPU generation evolves."
d0ab7e96-3fe6-4c9d-8f16-a6ae7c316d24,7df50d14-052b-4ae8-bbd9-ae368523719b,Dario Amodei,individual,public,2026-04-29,1,I watched the same being true with robotics.
b789e4c3-aa7f-4ee7-89f2-a835a02b47bf,1dca29fc-b7a8-447f-91ea-74031705ae79,Dario Amodei,individual,public,2024-11-11,1,"Maybe a AI that’s a zillion times smarter can only predict it out a year or something, instead of … You have these exponential increase in computer intelligence for linear increase in ability to predict."
5b34076b-0b13-46ed-ad34-40b75a18a4e2,f8ab122e-9cf2-451a-9671-2319c2afc839,Google DeepMind,company,commercial,2018-04-26,0,We show that active data collection by maximizing uncertainty over future sensor readings leads to models that show superior performance when used for control.
431cc9dd-12d2-4984-9573-104824fd08b0,4b3362e8-ca19-4cc7-ac93-73d481ad17f4,Nvidia,company,commercial,2026-01-30,1,"However, current deep learning frameworks lack support for collective communication across heterogeneous GPUs, leading to inefficiency and higher costs."
e74ac7d3-514c-4315-a2ac-f7642f6d408a,e7b873bd-05b5-4a4f-a4c2-09293e026706,Jensen Huang,individual,public,2026-04-29,1,"Some of it is explicit, these commitments that you mentioned."
b60f7eac-7cd1-48e4-b8a6-dd33faa45d9e,08868357-a4e8-4656-891b-12e9d808f3bd,UK DSIT,policymaker,policy,unknown,0,BPJ represents a major improvement over randomly generating prefixes (Best-of-N) and Curriculum-only approaches.
1a46b914-71d5-4422-8b79-df9685b565fb,5f81e13d-b77d-4099-8169-36a611d3e7fc,Anthropic,company,commercial,unknown,0,These behaviors primarily arose in cases where users persisted with harmful requests and/or abuse despite Claude repeatedly refusing to comply and attempting to productively redirect the interactions.
36085df7-d4c9-4773-ab77-322c62ce4ebb,e0401f95-c9e1-4597-a58d-72415efe3da2,Dario Amodei,individual,public,2024-10-01,1,Reductions of 95% or more in both mortality and incidence seem possible.
9eb617b7-c48a-4907-b3f9-a7da6de4213b,aed6fc16-28e8-437d-aeee-9b8e944152b6,EU Commission,policymaker,policy,2024-06-13,1,"The procedure for such AI systems presenting a risk should be applied to high-risk AI systems presenting a risk, prohibited systems which have been placed on the market, put into service or used in violation of the prohibited practices laid down in this Regulation and AI systems which have been made available in violation of the transparency requirements laid down in this Regulation and present a risk."
dde524ce-9d79-4d4d-a6de-f00982878bd0,9f232633-4a89-4cfc-bb05-ebaa283d564d,EU Commission,policymaker,public,unknown,0,They are made immediately available to media professionals world-wide.
400ab5ae-e776-4120-a2c9-490d7cb67511,e2508b17-be9a-4bf4-89e3-475793323b05,OpenAI,company,commercial,2025-04-16,1,a blue and white giraffe\n15.
ca2fa8c5-a637-47f4-aebd-902111602dca,9f013d89-713d-4bd7-ad0a-a4003de3a217,Jensen Huang,individual,public,2026-03-23,1,"And so I’ve given you two examples where one is, you know, one is elegant, the other one’s barely aesthetic, and so yet x86 survived and the reason for- Lex Fridman (00:12:58) Install base is everything."
9feaacd4-ec81-4cfe-933f-fcebd9d2ee87,2f5863ff-60c3-4d5c-838d-810f20d4a2b7,Jensen Huang,individual,public,unknown,0,"“Together, we believe we can accelerate deployment of AI infrastructure and expand access to compute for AI-native and enterprise customers globally.” About IREN IREN is a vertically integrated AI Cloud provider, delivering large-scale data centers and GPU clusters for AI training and inference."
8a6652b9-a0b8-4bb8-a5c9-c672b57f65f2,e327cab5-4a41-4422-8ea3-9d93025cd951,Dario Amodei,individual,policy,2023-09-12,1,That’s exactly what worries me.
21f0ce89-81ea-4e3d-ae8e-446269c85b5b,27bda108-4e5d-4e4c-a9e6-a8dd0314321d,Demis Hassabis,individual,public,2026-04-29,1,I think there’s lots of exciting directions and also impact in the world through products too.
a7772d4d-e402-4839-bd28-88356e6a2a4a,8c4e863b-c042-4c67-aea6-21713744cf05,Satya Nadella,individual,public,unknown,0,"GitHub Copilot can now draft features, suggest fixes, run tests, and iterate on code within the developer workflow."
5d828533-9fd5-47dc-ac09-3c3807428e1b,38c3d2cc-3cd4-4bf9-aaa7-693f58ff0cb6,UK DSIT,policymaker,policy,2026-04-01,1,"The project produced working prototypes, testing results and practical guidance on deploying intelligent network applications in open, multi-vendor mobile networks."
f71c0ce0-7a50-405f-a4a3-5a3bb9bc9c08,b9d8aab4-b78f-41e0-8b27-dfa50aa25d82,OpenAI,company,commercial,2025-04-23,1,"A candid paparazzi-style photo of Karl Marx hurriedly walking through the parking lot of the Mall of America, glancing over his shoulder with a startled expression as he tries to avoid being photographed."
9de59077-84fe-4c04-a143-2cbb96344a91,3240d126-2256-4e9f-97a1-7425009c577b,Google DeepMind,company,commercial,2022-02-16,0,"However, the plasmas in these machines are inherently unstable, making sustaining the process required for nuclear fusion a complex challenge."
f5945cb8-fb4b-4c91-9700-0e87e46a7ff9,0804cc20-fca1-4cf5-8b5e-42fb3f6cda27,OpenAI,company,commercial,2025-04-06,1,""",""file"":{""url"":""//images.ctfassets.net/kftzwdyauwt9/1Vuetnwjd0UDbZJqkhh42F/a33bbb1dea467cd4108789ff99ce6f71/dive.png"",""details"":{""size"":1614794,""image"":{""width"":1024,""height"":1024}},""fileName"":""dive.png"",""contentType"":""image/png""}},{""title"":""boba"",""description"":""Generate a photorealistic image of farmer's market in toronto on a saturday in summer 2006, it's a beautiful late june day, people are shopping and eating sandwiches."
e5daea27-63b9-4ae2-b0ad-29e28215c76f,aed6fc16-28e8-437d-aeee-9b8e944152b6,EU Commission,policymaker,policy,2024-06-13,1,"By improving prediction, optimising operations and resource allocation, and personalising digital solutions available for individuals and organisations, the use of AI can provide key competitive advantages to undertakings and support socially and environmentally beneficial outcomes, for example in healthcare, agriculture, food safety, education and training, media, sports, culture, infrastructure management, energy, transport and logistics, public services, security, justice, resource and energy efficiency, environmental monitoring, the conservation and restoration of biodiversity and ecosystems and climate change mitigation and adaptation."
406d04bf-a071-4899-bc16-501d7d2c03da,9ab68db5-f23d-4dcb-bdf0-f41dde1a54be,Demis Hassabis,individual,public,2025-07-23,1,"And then those people with the right skill sets to ride that wave will become incredibly valuable, those skills."
71ba83dc-4db8-4873-94a8-0d5ba4d06847,14a75be4-355a-46a0-ad27-1f906696e879,UK DSIT,policymaker,public,2025-09-04,1,"Buying off-the-shelf, from overseas."
bb2b42dc-9ef0-4554-879b-56fa0ee0ce3a,e47d2397-c781-4df4-a495-ccd7d9af5d4d,Sam Altman,individual,public,2024-03-18,1,Lex Fridman (00:23:21) You got to be careful with that.
7eea2317-5e0c-4e42-9a9e-8b1bcb1a9a26,ce052fa5-b5f8-4a35-b7ac-0d23de2804ae,Nvidia,company,commercial,2026-04-30,1,That assumption is now shifting.
48c8f85c-be46-4b35-b3d5-5730c40ec002,f985fef5-527a-41a4-91a9-2cc03d18de22,Anthropic,company,public,unknown,0,Engage or assist in an attempt to kill or disempower the vast majority of humanity or the human species as whole.
f68b5bd2-3e27-4fc5-a2f6-3b090e0fc231,9f013d89-713d-4bd7-ad0a-a4003de3a217,Jensen Huang,individual,public,2026-03-23,1,"And then when you consider it together, you know you have to make compromises because a system that achieves extremely low latency versus a cheap, a system that achieves very high throughput are architected fundamentally differently."
994fddaf-5c29-4e61-9ce4-4896db7b18a9,89483b7e-0726-44a0-9c37-5b69feecbebb,Dario Amodei,individual,commercial,2025-05-22,1,"We have also instituted a wider monitoring system including a bug bounty program focused on stress-testing our Constitutional Classifiers, offline classification systems, and threat intelligence partnerships to quickly identify and respond to potential universal jailbreaks that would enable CBRN misuse."
ae0289c0-8233-45ac-acdc-903881d60891,1dea4a0f-649f-4a0d-bbfc-acdbbeae1fdf,Microsoft,company,public,2026-01-23,1,The event crystallized Sand’s vision.
316d800f-4c24-4019-ba5d-e4f8e44c27ee,2fe121aa-1b29-4d13-bf16-7ab5f623d5e6,Dario Amodei,individual,commercial,2025-12-02,1,Top bar (“All Teams”) represents the overall distribution.
916090cb-d0ab-48cf-ae19-73e619e0f074,adee9b1e-f08a-4318-9fab-83287f193722,White House OSTP,policymaker,policy,2024-11-01,1,They are fighting for tax breaks for billionaires and big corporations—we are fighting to grow the middle class.
f6c0380f-8755-4c47-8b25-960c1ff84bde,6b5a7d54-4e6f-4455-b932-d054ba3a3305,Anthropic,company,commercial,2025-09-17,1,"However, the novelty of this approach (and the relative inscrutability of LLMs) necessitates the adoption of rigorous methodologies that guide researchers through this process, present the range of possible approaches, and clarify limitations that are not immediately apparent, but may, in some cases, render the use of LLMs impractical."
7450c051-8b16-4d13-9a33-6f76904b6769,e47d2397-c781-4df4-a495-ccd7d9af5d4d,Sam Altman,individual,public,2024-03-18,1,And it was this very confusing state.
c589a037-052e-4980-b2cd-2d012bff0785,71e258b4-43d2-4889-b5b9-96a1e079b6f9,OpenAI,company,policy,2025-01-14,1,"As part of this, thoughtful strategies and investment in infrastructure will be key to unlocking AI’s full potential and delivering its benefits responsibly."
d65f012c-ac2c-450d-a266-671509500bb5,13e4947e-1345-40e4-b3bc-51825f686f79,Mark Zuckerberg,individual,public,2026-04-29,1,But I think that there's no doubt about energy.
a9efb3b7-4081-40ca-a57c-a04d283761bf,fa530a80-52ef-44f0-b251-b0c2c17f7de6,Satya Nadella,individual,public,unknown,0,A $10 billion goal supported by agentic AI Walk around Leviâs global headquarters at Leviâs Plaza in San Francisco and the transformation is hard to miss.
86b7a330-a733-46fa-b405-8e80ff8e2527,facb9098-0b4f-4221-821e-0bf239a44b62,OpenAI,company,policy,2025-03-21,1,"We designed an external red teaming campaign that tested the model for resistance to jailbreaks, safe handling of real-world attack planning prompts, safe application in natural sciences, and broader topics like AI research and development capabilities."
246fe760-719a-44fe-af8b-82aa680d47a1,8501f028-f98a-4d81-803a-96aae20caba2,Jensen Huang,individual,commercial,2026-04-23,1,"Bottom left shows the real lidar point cloud, while bottom right shows the point cloud generated by LidarGen."
c718b17c-96b1-4823-9abd-316d21e5ac49,69b50415-ae8f-4810-9444-706ff8afde83,OpenAI,company,policy,2024-09-08,1,"By focusing their efforts on how well conversations were actually resolved, the team at Ada knew they could set a new standard in the customer service industry."
209cc8a6-497d-43a5-bd6a-6fcafed54845,a70e3846-ee80-4902-92e2-3290f9adde0f,EU Commission,policymaker,policy,2025-09-26,1,"After registration , eligible users can use any of the eTranslation tools (machine translation, summarisation, pseudo-anonymisation, briefing, speech transcription...) in the 24 official EU languages, plus Arabic, Chinese, Icelandic, Japanese, Norwegian Bokmål and Nynorsk, Russian, Turkish and Ukrainian."
04040806-a5f9-4acc-b22b-8554a48e7119,1faf7097-33a7-414a-a887-a7488bde8024,UK DSIT,policymaker,public,2024-08-27,1,"the UK is a country of makers and doers, people who spot technical and commercial opportunities and bring their value to the whole world."
8946328d-3e65-4d2e-ad2c-8be8cd670433,073093d4-3ff6-46f2-84d0-659600e402d4,Dario Amodei,individual,commercial,2025-09-15,1,This reflects the programmatic nature of API usage.
034b6574-69e7-48da-b36c-243e7b72de8b,0a90a700-add0-477a-a0c5-7eadd2d5e445,Google DeepMind,company,commercial,2025-07-21,1,"As we continue to conduct research and develop Backstory, weâre working closely with trusted testers, including content creators and expert information practitioners, who manage, organize and disseminate high quality information."
88ba5d37-01ca-489b-a4fc-a655c12ba41c,49ffd8be-5b0a-4b31-ba05-32ebf402851a,UK DSIT,policymaker,public,2024-09-12,1,"If I wanted to show people why science matters, I would point to places like that across our country."
8d40ec7f-109e-4fe4-bb96-df0845ea95e7,82a305ed-39eb-4645-955a-723d0fcafcb2,Dario Amodei,individual,commercial,2026-04-06,1,This significant expansion of our compute infrastructure will power our frontier Claude models and help us serve extraordinary demand from customers worldwide.
f12a1011-82fb-4ad6-b7d1-e4f822d1a445,3240d126-2256-4e9f-97a1-7425009c577b,Google DeepMind,company,commercial,2022-02-16,0,"For example, a control system needs to coordinate the tokamak's many magnetic coils and adjust the voltage on them thousands of times per second to ensure the plasma never touches the walls of the vessel, which would result in heat loss and possibly damage."
8497368b-f1d8-4e8f-b582-0224ebcb40b7,7df50d14-052b-4ae8-bbd9-ae368523719b,Dario Amodei,individual,public,2026-04-29,1,And so this is why atom works better than normal STD.
ae5b6df4-8c58-4f2d-a9f5-b86827469c80,c26411c6-cce6-4934-8516-94d1623ac711,White House OSTP,policymaker,policy,2025-01-20,1,"April 1, 2023 Apr 1 2023 Vice President Kamala Harris visits Zambia to discuss regional and global priorities, including our shared commitment to democracy, inclusive and sustainable economic growth, and food security."
12251859-b40e-4325-889e-a06d60c2729f,b8fbd76a-86c8-48fc-b2c5-a2b69cf897e7,Mark Zuckerberg,individual,commercial,2023-09-27,1,How are we making sure people know how to use the new features and understand their limitations?
430476cb-7ae1-40dd-826d-f0cf9ca0be08,b959b930-4cfa-4b47-8bf9-9b2325c15e1e,Microsoft,company,policy,2022-12-08,1,We recognize that additional time is needed to track performance against our growth metrics as well as follow that pipeline to partnership.
fba55b0f-8e37-4a6c-adf6-83d9c4047a4b,1dca29fc-b7a8-447f-91ea-74031705ae79,Dario Amodei,individual,public,2024-11-11,1,"Then IDEs are good for running particular things, organizing your code, measuring coverage of unit tests."
e65a752f-24fb-40e2-bbb8-d58a8780d048,81f09de0-94be-4026-b63c-151678aa4382,Google DeepMind,company,public,unknown,0,Ask a Techspert: What is vibe coding?
b569be42-b98d-42ba-a2e5-6215e339fce1,aed6fc16-28e8-437d-aeee-9b8e944152b6,EU Commission,policymaker,policy,2024-06-13,1,"Subject to the confidentiality provisions in Article 78, and with the agreement of the provider or prospective provider, the Commission and the Board shall be authorised to access the exit reports and shall take them into account, as appropriate, when exercising their tasks under this Regulation."
1353beca-2d83-43a2-bd2a-b4976f803eec,4e34b8c0-eb3d-4c58-8ec1-c3ed575fec78,Dario Amodei,individual,commercial,2025-07-09,1,"Together, they’ll build AI-powered projects—anything from an app to help their colleagues study and learn, to the next billion-dollar startup."
8ef45c74-bc49-4974-99c0-cf0707991002,b1864aea-c24b-47a1-a1e5-600a58496c53,Microsoft,company,public,2023-11-13,1,"Hailing from a small town, she’s built a successful career in the cybersecurity sector."
12668e3a-dc75-40fc-82d7-528129d8ff1b,16380606-b47c-41ec-a1a8-1aff6350a121,White House OSTP,policymaker,policy,2025-12-15,1,Watch Video »
0b4f2dd1-3338-4de0-9c68-46882ab064fe,607557b7-ec81-45c9-b077-629f062a8148,Demis Hassabis,individual,commercial,2020-02-10,0,One criticism of language modelling as a task for long-range reasoning is that models can capture a large portion of their predictions from the local context.
ac4fe3c2-95d7-4876-9220-96e65fdd9d54,4f1b337d-fcad-4b8b-b1fa-e4b60c60178d,Satya Nadella,individual,public,unknown,0,Â In software development : Work starts with AI.
d8f841d3-51d6-4002-8d7c-218e7310bf6d,7df50d14-052b-4ae8-bbd9-ae368523719b,Dario Amodei,individual,public,2026-04-29,1,That's the right set of questions to ask.
1f9836d7-54f3-4f2f-9fe3-83e29bfdec6e,55900b8f-20fd-4228-89b2-0a4b560f0a5e,OpenAI,company,commercial,2026-01-30,1,Whether and how the well-established phenomenon of latent learning in psychology can inform or emerge within LLMs' training remains largely unexplored.
c682ab23-3901-4c18-bdf2-f5c09f1d878a,49ffd8be-5b0a-4b31-ba05-32ebf402851a,UK DSIT,policymaker,public,2024-09-12,1,"In our national missions, I see an opportunity to build a long-term, strategic partnership in which we can both invest."
cfa9cb81-e66c-4591-855e-9a5806962fea,e7b873bd-05b5-4a4f-a4c2-09293e026706,Jensen Huang,individual,public,2026-04-29,1,The reason for that is because they know that I have the capacity to buy their supply and sell it through my downstream.
7a017545-82b4-4f27-bea1-ec7d67047a07,1dca29fc-b7a8-447f-91ea-74031705ae79,Dario Amodei,individual,public,2024-11-11,1,"If you just kind of eyeball the rate at which these capabilities are increasing, it does make you think that we’ll get there by 2026 or 2027."
cd29dc97-a942-43fe-8a06-cf45b70ee3c9,1769b37a-80e1-4181-b26e-595ffc2740cf,White House OSTP,policymaker,policy,2023-05-04,1,"With datasets and models growing larger and more complex, there is an urgent need for solutions that can scale with these larger systems."
50f39872-fc4b-4860-af63-ebcd2b9818cc,9d434184-eff6-4c01-abb7-ee766b3678b1,Demis Hassabis,individual,commercial,2020-10-12,0,Successor Options: An Option Discovery Framework for Reinforcement Learning.
fc107065-bbbf-4edb-90b4-8ceada3fa9a1,e1958bc1-d714-4296-bbe7-2c79a07f7cdd,Dario Amodei,individual,commercial,unknown,0,"It demonstrated significant improvements, outperforming Claude Sonnet 4.5 in heavy reasoning Q&A by 15 percentage points."
a33dbdcf-7f37-4f14-920c-679701dcb3bd,7e52a5cd-539f-4ab1-a257-917806ce256c,Microsoft,company,commercial,2025-07-07,1,"For those who are interested in CCF and would like to learn more about it, please visit our open source repository and our sample ACL applications ."
88e4205c-2672-43c1-af04-732ae553e52c,e7b873bd-05b5-4a4f-a4c2-09293e026706,Jensen Huang,individual,public,2026-04-29,1,Nobody can demonstrate to me that any single platform in the world today has a better performance-TCO ratio.
a4869a1a-1451-421b-af76-9e210cc0a35a,1dca29fc-b7a8-447f-91ea-74031705ae79,Dario Amodei,individual,public,2024-11-11,1,"You can describe it as a statement about the activations of neurons, but it’s really about this property of directions having meaning."
04814634-91a5-4699-bbc0-f753e1a90763,062ec87d-3dd4-4964-9882-1cf521419dbd,Satya Nadella,individual,public,2026-04-29,1,"So, gaming has got a long history at the company, and we want to be in gaming for gaming's sake."
452a6ba9-b3b9-48a6-86a8-219806dfe6f7,1dca29fc-b7a8-447f-91ea-74031705ae79,Dario Amodei,individual,public,2024-11-11,1,It’s very frightening.
165c8111-5318-44f5-88f7-efa20f94a911,2f8cb928-3c7e-4688-8be6-ae33526af949,White House OSTP,policymaker,policy,2025-06-25,1,He interpreted it not as a threat but as a reminder that liberty requires vigilance.
c99845a4-e85f-46e5-85ef-f229aab38d6f,9e26db71-d602-4106-92ca-dff0a32f5f23,Microsoft,company,commercial,unknown,0,"Digital engineering Intelligent factories Resilient supply chains Connected customers Previous Next Previous Slide Next Slide Azure Compute Access cloud compute capacity, virtualization, and scale on demand."
7e017aef-087f-46db-aad8-ec84ab40db39,63f079a1-5199-47ee-a19e-9ecddac08130,Jensen Huang,individual,public,2025-03-18,1,Dynamo is where it all started.
a8c49957-1e81-436c-826e-0ba4922ff351,30c22acf-8875-4630-8f6e-cba020590de6,EU Commission,policymaker,policy,2025-10-21,1,"It will focus, in particular, on two priority areas: cancer care and healthcare in remote areas."
a9ca8b5c-ea7e-478d-be83-f25c1b50dcdc,a9fb2419-542f-4314-9352-b06bb5d8315d,Microsoft,company,policy,2022-06-22,0,"Using these new capabilities, we estimate that Russian cyber influence operations successfully increased the spread of Russian propaganda after the war began by 216 percent in Ukraine and 82 percent in the United States."
944d61d5-4ecf-41ef-b61a-05f0265be090,2f5863ff-60c3-4d5c-838d-810f20d4a2b7,Jensen Huang,individual,public,unknown,0,"The partnership is intended to accelerate deployment of large-scale AI factories by combining NVIDIA’s DSX AI factory architecture with IREN’s expertise across power, land, data centers, GPU deployment and infrastructure operations."
06fc57a3-d9ad-4165-a0fb-153c92256837,e7b873bd-05b5-4a4f-a4c2-09293e026706,Jensen Huang,individual,public,2026-04-29,1,"I actually don’t know what I think about whether it’s good to sell chips to China or not, but I like to play devil’s advocate against my guests."
9cdc7e2e-26bf-4c3c-9e2d-066db3e79c43,9838615c-2c5b-4351-a657-39828fc631a2,Sam Altman,individual,commercial,2014-06-29,0,"As a result, many talks are ineffective."
877e0d93-51ee-470c-9602-7949f4cc5df1,97ee7d08-6e66-4e4c-9717-977d5a00190d,White House OSTP,policymaker,policy,2022-10-21,0,"May 18, 2017. https://chicago.suntimes.com/2017/5/18/18386116/a-look-inside-the-watch-list-chicago-police-fought-to-keep-secret [iv] Jay Stanley."
64cdab16-b03a-4f75-ac20-588c25aeda7b,4c8660be-13ac-4260-b04a-5ab61aedbc95,Dario Amodei,individual,commercial,2025-12-09,1,"“With the powerful combination of Anthropic’s Claude capabilities and Accenture’s AI expertise and industry and function domain knowledge, organizations can embed AI everywhere responsibly and at speed—from software development to customer experience—to drive innovation, unlock new sources of growth and build their confidence to lead in the age of AI.” Introducing the Accenture Anthropic Business Group The new Accenture Anthropic Business Group makes Anthropic one of Accenture’s select strategic partners."
adc7839c-87ef-4a79-8b9c-32238a635192,85283d06-ee00-46d4-b806-8a971954a421,Microsoft,company,policy,2026-03-31,1,Today we are sharing news about important changes we are making in our cloud services offerings in the United Kingdom.
12fe27eb-80e7-45fc-8bb8-873ada42948a,dd773798-ae2e-44e2-8554-16de16a7824e,Dario Amodei,individual,commercial,2025-03-27,1,Why is this so confusing for the model?
5918e3fa-3267-450f-83e8-64294d3dd649,5be5faa7-1189-4dd9-a327-c7ff1e02800a,OpenAI,company,policy,2025-03-21,1,"âAny time you communicate with a business thatâs using Ada, your question is going to be fed through multiple turns of OpenAI's models, understanding it, reflecting on it, invoking tools, and bringing in knowledge until the answer is generated,â Gozzo explained.Â ""]}]]}]]}],[""$"",""p"",""1"",{""className"":""mb-sm last:mb-0"",""children"":[[""$"",""$14"",""0"",{""children"":[[""$"",""span"",""text-end-0"",{""children"":[""The previous version of Adaâs product had a 70% containment rate, but a 30% resolution rate."
3c6206ae-ceb8-424e-8fe1-468c385b98d8,581f27bd-e4b2-400c-abe6-88cfb11f8b90,White House OSTP,policymaker,policy,2025-01-19,1,"In 1953, the Biden family moved to Claymont, Delaware."
defa7983-8ceb-4545-8bdd-71522664976c,0d899718-d3a0-4ca0-b43a-c96f70c7fe7d,Dario Amodei,individual,commercial,2024-03-25,1,"We should ensure this is a well scoped, small set of tests, or else we’ll create regulatory burdens and increase the possibility of regulatory capture An effective balance of the assurance of safety with ease of administration of these tests When it comes to tests, we can already identify one area today where testing by third-parties seems helpful and draws on the natural strengths of governments: national security risks ."
a8a45e79-d37b-4a53-8924-66244d8e5d8c,f7053165-fa04-454b-827c-b4824f449bc8,OpenAI,company,commercial,2025-04-16,1,""",""nodeType"":""text""}],""nodeType"":""paragraph""},{""data"":{},""content"":[{""data"":{},""marks"":[],""value"":""put the recipes on handwritten cards in front of each drink."
cc7875b1-6b3c-49dd-a1cb-67530d0df101,e7b873bd-05b5-4a4f-a4c2-09293e026706,Jensen Huang,individual,public,2026-04-29,1,The job of a radiologist is patient care.
21a18b42-f593-47f4-880b-30d35fa0f9d5,352381e6-1c30-421b-a747-3dee8a88b1c8,Anthropic,company,commercial,2025-11-02,1,"Among the 21 models with self-awareness, a consistent rationality hierarchy emerges: Self > Other AIs > Humans, with large AI attribution effects and moderate self-preferencing."
a75ca44c-4609-4fb1-bab7-fd0d25fabc96,e50c3674-fc2e-4acc-895a-f162e02f7ffc,Satya Nadella,individual,commercial,2012-01-20,0,"For more detail, read this press release on the Microsoft News Center ."
7f8c9ef9-a193-40e2-894f-7ff6041cf0ea,b9d8aab4-b78f-41e0-8b27-dfa50aa25d82,OpenAI,company,commercial,2025-04-23,1,"set ( 0 , 5 , 10 ); 30 scene."
a5d5e818-8cb0-43c3-a0de-ad7fad388946,e7b873bd-05b5-4a4f-a4c2-09293e026706,Jensen Huang,individual,public,2026-04-29,1,"Jensen Huang First of all, they need to want to exist, and they come to ask us for help."
84ad3380-aec4-4924-9e60-9f7146d948e2,3fe2b8f2-0cde-4acf-93ca-e78051dc2625,OpenAI,company,commercial,2025-03-25,1,add (dirLight); 31 32 // Camera position 33 camera.
9b57681f-1bf6-44b5-b170-100e5e9983f6,a9a3cedd-4d69-4d1e-8000-cd1f03135b5a,OpenAI,company,commercial,2025-08-08,1,Thatâs why weâve built our most advanced image generator yet into GPTâ4o.
7502a059-c849-40f4-b097-3cdd6da2d215,02305170-3434-4299-a4ce-76f27f5eee25,UK DSIT,policymaker,policy,2023-06-06,1,The FAIRLY platform provides outcome-based explainability using industry standard post-hoc explainability methods such as SHAP and LIME.
69585e6c-ab84-44f2-8ec0-68f88b297ea7,062ec87d-3dd4-4964-9882-1cf521419dbd,Satya Nadella,individual,public,2026-04-29,1,"I think in models there is one dimension of, maybe there will be a few closed source, but there will definitely be an open source alternative, and the open-source alternative will actually make sure that the closed-source, winner-take-all is mitigated."
e3b0246b-b8a3-45de-8abd-cd13a9e3bea0,2a945414-1b5f-4b1d-8a0a-115f10969ef4,Microsoft,company,policy,2022-05-03,0,"However, substantial improvements in AI technology make plausible malicious software that is much more adaptive, stealthy, and intrusive."
6ec7ab5f-0457-402a-a067-b732951713ee,9f013d89-713d-4bd7-ad0a-a4003de3a217,Jensen Huang,individual,public,2026-03-23,1,"Jensen Huang (01:19:16) Well, the unit of computing used to be GPU to us."
75b19d80-c95a-4ec2-8cad-2e483dbdbf7b,e47d2397-c781-4df4-a495-ccd7d9af5d4d,Sam Altman,individual,public,2024-03-18,1,So maybe people are way more efficient at the job they do.
174a72f9-f38c-4039-9c95-293536c87867,d92d8a84-3ab0-4d16-8803-3ae9c6e3d394,OpenAI,company,commercial,2025-03-21,1,The artists in our early access group have helped us discover new uses for DALLÂ·E and have served as key voices as weâve made decisions about DALLÂ·EâsÂ features.
e52eb1be-490d-4ee5-b556-1721cf86042f,6d065eaa-75ce-4931-9a93-24396a4c2164,Google DeepMind,company,commercial,2016-12-22,0,"Sanjay Gautama Caldicott Guardian and Chief Clinical Information Officer at Imperial College Healthcare NHS Trust I am delighted that Imperial College Healthcare NHS Trust has partnered with DeepMind to provide nurses and doctors with digital tools to support them in delivering safe, high quality care to their patients."
10ffb660-da51-4050-b4b7-9c4454c9b084,97d3286b-949c-47bc-87bc-84dc14d79590,UK DSIT,policymaker,policy,2023-03-29,1,"For example, management systems, risk management, and quality standards161 can provide industry with good practices for the responsible development of AI systems."
7b7bddb5-91fd-41fd-b1f0-7d330c029708,800f7f4c-d698-467d-9890-d67456f2385b,White House OSTP,policymaker,policy,2024-12-02,1,"Jill and I are devastated and outraged to learn of the death of Omer Neutra, an American citizen, whose body Hamas has apparently been holding since they killed him during their brutal terrorist attack on October 7."
280867d6-b3cd-4909-884f-92c867d47ab5,9ab68db5-f23d-4dcb-bdf0-f41dde1a54be,Demis Hassabis,individual,public,2025-07-23,1,So there’s a whole experimental phase there which you can also get a lot of gains out.
799b7112-2bb6-4d5c-9d90-4541b6b92e2f,9761524f-abb1-448f-82d7-ffbef0d65759,EU Commission,policymaker,policy,2025-07-14,1,"The release of this blueprint launches a pilot phase during which a software solution for age verification will be tested and further customised in collaboration with Member States, online platforms and end-users."
4a565a1a-ef41-4d74-b6db-11cf85db0770,440ef42c-fe12-4f8f-8573-3bbf26adff36,White House OSTP,policymaker,policy,2024-11-14,1,"Further, SSBCI funds have already supported $1.2 billion in venture capital financing and it is expected that jurisdictions may support as many as 200 investment funds over the course of the SSBCI program."
282c749e-9db2-45b5-95bf-aebdf37b556f,3c7fb991-3440-4497-9b10-9cfe6fac3fa1,Microsoft,company,commercial,2026-04-29,1,Experiments and online deployment on Tencent Big Data platform show that SiriusHelper outperforms representative alternatives and reduces online ticket volume by 20.8\%.
68c28c8c-8078-4768-9f4b-74aa0e21b7e1,0ac74964-8c3a-45b5-8a3f-4d4c1ccd8e57,Demis Hassabis,individual,commercial,2017-11-22,0,"Although the training technique works well, we also need to add a few extra loss functions to guide the student towards the desired behaviour."
52dcf284-98a7-4f11-98ed-b0c45f3f75ca,e7b873bd-05b5-4a4f-a4c2-09293e026706,Jensen Huang,individual,public,2026-04-29,1,The idea is not that there is some key threshold of compute.
08b3f3fd-77ca-4bdd-a4bc-bec3cf3e5b2a,241b7b27-7bd1-48e2-a222-1c26f31f4c02,UK DSIT,policymaker,public,2026-04-28,1,"The UK is in a strong position to deal with these challenges, with both the internationally recognised National Cyber Security Centre ( NCSC ), and our AI Security Institute ( AISI )."
1f260d81-a682-4c18-8085-ecbb043033d4,214f4d28-acf5-4be2-b221-8626bbe237e4,Sam Altman,individual,commercial,2017-02-16,0,"We are planning to run a larger study than we originally intended, and we hope to start fundraising for it soon."
43faf59b-d897-4ca9-b3f3-dfeeef6f1788,0a85bca0-d24f-4220-aacf-5a21ab77993c,Satya Nadella,individual,policy,2026-01-13,1,"To manage that heat, datacenters historically relied upon evaporative cooling systems that drew on large volumes of water for cooling in hot weather."
a8d32078-b724-4e5c-bd6b-437cddc1c5b0,bde0e36c-dd20-4c44-bd13-10af3401f8c9,Microsoft,company,public,2025-11-07,1,"Villanova has 180 military-connected students out of a student population of 10,000."
d9f2a39a-aabc-4328-b224-c5714b1987bb,b2b64a3e-5940-47c0-8f13-6b922c754872,UK DSIT,policymaker,policy,2024-09-26,1,"Organisations can use the FairNow platform to identify which standards, laws, and regulations apply based on their AI adoption and manage the set of activities necessary to ensure compliance."
954b82f4-cc80-472b-a0f4-cb37b4dd4515,9ab68db5-f23d-4dcb-bdf0-f41dde1a54be,Demis Hassabis,individual,public,2025-07-23,1,"Well, look, I felt that it’s sort of a tradition, I think, of Nobel Prize lectures that you’re supposed to be a little bit provocative and I wanted to follow that tradition."
58f095d4-2498-4f57-95f0-c779e2589875,7dbd7646-5433-49f7-8461-51ec9c384ed7,OpenAI,company,policy,2025-11-07,1,"""]}]]}]]}],[""$"",""li"",""1"",{""className"":""mb-4xs last:mb-0"",""children"":[[""$"",""$17"","".$0"",{""children"":[[""$"",""span"",""text-end-0"",{""children"":[""Adoption for ""]}]]}],[""$"",""$L12"","".$1"",{""href"":""/index/introducing-codex/"",""className"":""text-primary-100 hover:text-primary-60 relative underline-offset-[0.25rem] decoration-1 underline"",""children"":[[""$"",""b"",""0"",{""children"":[""$"",""u"",null,{""className"":""decoration-1 underline-offset-[0.25rem]"",""children"":[[""$"",""span"",""text-end-0"",{""children"":[""Codex""]}]]}]}]]}],[""$"",""$17"","".$2"",{""children"":[[""$"",""span"",""text-end-0"",{""children"":["", our model for code generation, refactoring, and workflow automation has accelerated quicklyâusage is up ""]}]]}],[""$"",""b"","".$3"",{""children"":[[""$"",""span"",""text-end-0"",{""children"":[""10x since August""]}]]}],[""$"",""$17"","".$4"",{""children"":[[""$"",""span"",""text-end-0"",{""children"":[""."
6eeb2125-6a05-429c-8999-6a4e72f22107,867b00e6-e2be-4d3e-9886-7810079a04c8,OpenAI,company,policy,2025-07-19,1,We will also support community-led research and innovation for using AI’s potential to advance the public good.
0cd7b9a3-2cc0-4ee3-9e10-de32842ebf9f,0cf5bc22-193a-451e-8dab-ec9ad9dad6ba,Microsoft,company,policy,2021-02-11,0,"Facebook said publicly that if the parliament passed the new law, it would stop Australian users from sharing news on its Facebook and Instagram platforms."
68d0a7f8-7a78-4642-914b-6134202e8b23,1c248d0f-eac2-495c-98f1-ee4ff49925b5,OpenAI,company,commercial,2025-09-09,1,"horse is galloping right where ocean meets the sky"",""file"":{""url"":""//images.ctfassets.net/kftzwdyauwt9/7mpwDbMvRinCinnROkjT1Y/37fa6456d29de5e5fea4a2e79f267a8f/ChatGPT_Image_Mar_24__2025__03_32_29_PM.png"",""details"":{""size"":2111004,""image"":{""width"":1536,""height"":1024}},""fileName"":""ChatGPT Image Mar 24, 2025, 03_32_29 PM.png"",""contentType"":""image/png""}},{""title"":""dyda3"",""description"":""A realistic underwater scene with dolphins swimming through the windows of an abandoned subway car, with bubbles and detailed water flow accurately simulated."
9169f33e-a306-473d-aafa-dad6b53d9a27,15d67300-51a1-41c0-865c-7cb8c3292b6a,Anthropic,company,commercial,2026-03-30,1,We additionally show that our method achieves much higher sample efficiency and discuss the qualitative differences that emerge from this design change.
aeb12040-baad-490a-bede-30c7261917cf,1dca29fc-b7a8-447f-91ea-74031705ae79,Dario Amodei,individual,public,2024-11-11,1,It still doesn’t.
f283ecfa-3c93-4dd1-98a0-146115a22e1a,b2b64a3e-5940-47c0-8f13-6b922c754872,UK DSIT,policymaker,policy,2024-09-26,1,Why we took this approach This approach makes it easier to break down complex laws and standards into actionable steps that organisations can follow to demonstrate compliance.
5e5e5906-5764-490a-8629-aeccdbf5189d,1dca29fc-b7a8-447f-91ea-74031705ae79,Dario Amodei,individual,public,2024-11-11,1,"AGI Lex Fridman (04:09:15) Anthropic may be the very company to develop a system that we definitively recognize as AGI, and you very well might be the person that talks to it, probably talks to it first."
79c58084-a0f3-490c-9492-274e57c8f2a6,f60d787d-a1e1-44d5-8c18-9f8a69a5bcc6,Meta AI,company,commercial,2026-02-09,1,"In fact, the report finds that generative AI alone can raise worker productivity by 8% and create over 35,000 innovation-driven jobs within the next five years."
588fa265-e87d-4cb4-86fe-a3d26dafa620,2c9e4401-d551-4865-b840-8cfbf8e34571,White House OSTP,policymaker,policy,2024-10-09,1,He is the third known Black man to be wrongfully arrested based on face recognition.
a5c29f4e-94b8-4f50-ae8e-cb79b5cf05ff,49684661-6596-4f19-a133-a70df1c3be6d,Jensen Huang,individual,commercial,2026-04-23,1,"Optimizations are continuously folded into containers available on NGC , NVIDIA’s catalog for GPU-accelerated software."
921c71cc-0dfa-4d9a-b148-a65b0e3f6bcc,464dad9a-1512-4832-ac70-880fa7b8ed7d,UK DSIT,policymaker,policy,2024-02-29,1,The value must fall below 1%.
57eb4ff0-9887-4c25-9733-8504052f6d83,9862382d-6388-45c2-b253-850f6c6884ee,Mark Zuckerberg,individual,public,2023-09-28,1,So it’s not going to be like we roll it out and one day everyone has a Kodak Avatar.
27b7e45a-9e1f-45e3-9158-7e545d68947e,a48ca07b-dc65-47ad-bf8e-358a05c6bc52,EU Commission,policymaker,policy,2025-10-08,1,Last update 9 October 2025 Print as PDF
